x0_1,x0_2,x_final_1,x_final_2,f_opt,n_iter
-2.000000000000000000e+00,8.000000000000000444e-01,-3.654605168827246953e+00,2.737718274607188640e+00,3.592984569711583731e+01,1.100000000000000000e+01
-5.000000000000000000e+00,0.000000000000000000e+00,-3.654605168888449995e+00,2.737718274600295931e+00,3.592984570222824914e+01,1.300000000000000000e+01
1.000000000000000000e+00,0.000000000000000000e+00,2.999999999968791631e+00,2.000000000107287068e+00,1.647498470496517266e-19,8.000000000000000000e+00
1.000000000000000000e+00,5.000000000000000000e+00,-2.983476157406694251e-01,2.895620844170182284e+00,6.542610971900437278e+01,8.000000000000000000e+00
